run,mean
1,66.47454706
2,83.96624616
3,85.98765491
4,86.97853908
5,87.93853908
6,89.31853908
7,87.10784597
8,66.37959913
9,90.51605618
10,87.76784597