run,mean
1,-20.0
2,4.600000000000234
3,28.000000000000256
4,25.00000000000025
5,34.60000000000027
6,48.400000000000304
7,26.80000000000025
8,-20.0
9,71.20000000000027
10,33.40000000000027