run,mean
1,46.0000000000003
2,-10.0
3,40.600000000000286
4,31.000000000000263
5,92.80000000000007
6,-20.0
7,-20.0
8,68.8000000000003
9,90.40000000000009
10,100.0